Season,Matchday,Date,Home_Team,Away_Team,Score,Attendance,Home_Goals,Away_Goals,Target,Home_Team_Points,Away_Team_Points,Home_Form_5,Away_Form_5,Home_Rank,Away_Rank,Pred_Home,Pred_Draw,Pred_Away,Predicted_Class
2023,17,2024-01-17,Maccabi Tel Aviv,Hapoel Tel Aviv,4:2,14905,4.0,2.0,0,39,20,8,2,2,9,0.5904179,0.22400223,0.18557982,0
2023,18,2024-01-20,Hapoel Hadera,FC Ashdod,1:1,1327,1.0,1.0,1,14,13,1,4,12,14,0.31545097,0.34706026,0.33748883,1
2023,18,2024-01-20,Maccabi Bnei Reineh,Hapoel Haifa,0:0,2069,0.0,0.0,1,24,33,4,12,5,3,0.2643074,0.22652102,0.50917155,2
2023,18,2024-01-20,Hapoel Jerusalem,Hapoel Beer Sheva,0:1,2542,0.0,1.0,2,16,30,7,15,10,4,0.18776491,0.26920444,0.5430306,2
2023,18,2024-01-21,Ihud Bnei Sakhnin,Maccabi Petah Tikva,1:1,1049,1.0,1.0,1,21,15,6,0,8,12,0.38680866,0.31482702,0.29836428,0
2023,18,2024-01-21,Hapoel Petah Tikva,Maccabi Tel Aviv,0:0,9051,0.0,0.0,1,14,42,5,8,13,1,0.116429135,0.1783922,0.7051787,2
2023,18,2024-01-21,Maccabi Haifa,Maccabi Netanya,4:0,14408,4.0,0.0,0,40,24,13,12,2,6,0.5825712,0.25394478,0.163484,0
2023,18,2024-01-22,Hapoel Tel Aviv,Beitar Jerusalem,0:1,13300,0.0,1.0,2,20,22,2,7,9,8,0.41351652,0.22985093,0.35663247,0
2023,19,2024-01-30,FC Ashdod,Maccabi Bnei Reineh,1:0,274,1.0,0.0,0,14,25,5,5,14,5,0.30708283,0.29895288,0.39396423,2
2023,19,2024-01-30,Maccabi Netanya,Ihud Bnei Sakhnin,0:1,2577,0.0,1.0,2,24,22,9,4,7,8,0.39274222,0.27762944,0.3296283,0
2023,19,2024-01-30,Beitar Jerusalem,Hapoel Petah Tikva,2:2,7186,2.0,2.0,1,25,15,7,6,7,14,0.5503216,0.28846845,0.16121,0
2023,19,2024-01-31,Maccabi Petah Tikva,Hapoel Hadera,1:0,434,1.0,0.0,0,16,15,1,2,12,14,0.36348945,0.2785983,0.35791224,0
2023,19,2024-01-31,Hapoel Haifa,Hapoel Tel Aviv,4:3,3570,4.0,3.0,0,34,20,13,1,3,9,0.47261378,0.23113045,0.2962558,0
2023,19,2024-01-31,Maccabi Tel Aviv,Hapoel Jerusalem,2:1,10918,2.0,1.0,0,43,16,6,4,2,12,0.78960174,0.13237536,0.07802292,0
2023,19,2024-01-31,Hapoel Beer Sheva,Maccabi Haifa,2:1,14249,2.0,1.0,0,33,43,15,15,4,2,0.49908942,0.3885001,0.112410516,0
2023,20,2024-02-03,Maccabi Netanya,Maccabi Petah Tikva,0:1,4105,0.0,1.0,2,24,19,6,4,8,10,0.45587957,0.2573328,0.2867876,0
2023,20,2024-02-03,Ihud Bnei Sakhnin,Hapoel Beer Sheva,0:2,1198,0.0,2.0,2,25,36,6,15,7,4,0.17006373,0.35457033,0.47536594,2
2023,20,2024-02-03,Hapoel Petah Tikva,Hapoel Haifa,0:2,3885,0.0,2.0,2,16,37,6,13,13,4,0.17041129,0.22338226,0.6062065,2
2023,20,2024-02-03,Hapoel Tel Aviv,FC Ashdod,3:1,6863,3.0,1.0,0,20,17,0,8,10,11,0.35329348,0.35089508,0.2958114,0
2023,20,2024-02-04,Maccabi Bnei Reineh,Hapoel Hadera,2:1,317,2.0,1.0,0,25,15,5,2,6,14,0.51086164,0.27356207,0.21557629,0
2023,20,2024-02-04,Hapoel Jerusalem,Beitar Jerusalem,2:1,12816,2.0,1.0,0,16,26,1,8,12,6,0.40362525,0.22819431,0.3681804,0
2023,20,2024-02-05,Maccabi Haifa,Maccabi Tel Aviv,2:0,14555,2.0,0.0,0,43,46,12,8,2,1,0.42825314,0.25470272,0.31704417,0
2023,21,2024-02-10,Maccabi Tel Aviv,Ihud Bnei Sakhnin,1:1,20822,1.0,1.0,1,46,25,8,5,2,7,0.61016047,0.27946925,0.1103703,0
2023,21,2024-02-10,Hapoel Hadera,Hapoel Tel Aviv,1:0,5848,1.0,0.0,0,15,23,1,3,14,9,0.3259337,0.3406297,0.3334366,1
2023,21,2024-02-10,Maccabi Petah Tikva,Maccabi Bnei Reineh,1:0,685,1.0,0.0,0,22,28,7,8,10,5,0.29157028,0.32295287,0.38547686,2
2023,21,2024-02-10,FC Ashdod,Hapoel Petah Tikva,2:0,1537,2.0,0.0,0,17,16,7,5,13,14,0.32089835,0.3320494,0.34705228,2
2023,21,2024-02-10,Beitar Jerusalem,Maccabi Haifa,0:2,19980,0.0,2.0,2,26,46,7,12,7,2,0.24168421,0.25680685,0.50150895,2
2023,21,2024-02-11,Hapoel Beer Sheva,Maccabi Netanya,2:0,12628,2.0,0.0,0,39,24,15,3,4,9,0.60848606,0.3522059,0.03930804,0
2023,21,2024-02-12,Hapoel Haifa,Hapoel Jerusalem,2:3,3970,2.0,3.0,2,40,19,13,4,4,12,0.6156615,0.20703393,0.17730452,0
2023,22,2024-02-17,Hapoel Tel Aviv,Maccabi Bnei Reineh,0:0,8544,0.0,0.0,1,23,28,3,7,10,5,0.39811546,0.296479,0.30540556,0
2023,22,2024-02-17,Hapoel Beer Sheva,Maccabi Petah Tikva,1:1,11399,1.0,1.0,1,42,25,15,10,3,8,0.81853056,0.14277585,0.038693566,0
2023,22,2024-02-17,Hapoel Jerusalem,FC Ashdod,1:1,1827,1.0,1.0,1,22,20,6,10,11,12,0.45299008,0.24609633,0.30091363,0
2023,22,2024-02-17,Hapoel Petah Tikva,Hapoel Hadera,0:2,3250,0.0,2.0,2,16,18,2,4,14,13,0.36160594,0.2722319,0.36616212,2
2023,22,2024-02-17,Ihud Bnei Sakhnin,Beitar Jerusalem,2:1,4000,2.0,1.0,0,26,26,5,4,7,8,0.41277006,0.25111896,0.33611098,0
2023,22,2024-02-18,Maccabi Haifa,Hapoel Haifa,1:1,28787,1.0,1.0,1,49,40,12,10,1,4,0.8385007,0.074941225,0.08655809,0
2023,22,2024-02-19,Maccabi Netanya,Maccabi Tel Aviv,1:5,10763,1.0,5.0,2,24,47,3,8,9,2,0.30187613,0.21083133,0.48729256,2
2023,23,2024-02-24,Maccabi Petah Tikva,Hapoel Tel Aviv,3:0,5850,3.0,0.0,0,26,24,11,4,7,10,0.50381553,0.29716724,0.19901723,0
2023,23,2024-02-24,Hapoel Haifa,Ihud Bnei Sakhnin,1:2,5190,1.0,2.0,2,41,29,8,8,4,7,0.56307775,0.24148534,0.19543697,0
2023,23,2024-02-24,Hapoel Hadera,Hapoel Jerusalem,1:1,2031,1.0,1.0,1,21,23,7,7,12,11,0.3235407,0.3261814,0.3502779,2
2023,23,2024-02-24,Beitar Jerusalem,Maccabi Netanya,0:0,9946,0.0,0.0,1,26,24,4,0,8,10,0.5215806,0.18990475,0.2885146,0
2023,23,2024-02-24,Maccabi Tel Aviv,Hapoel Beer Sheva,1:0,25051,1.0,0.0,0,50,43,8,13,2,3,0.31671456,0.6039257,0.07935975,1
2023,23,2024-02-25,FC Ashdod,Maccabi Haifa,0:5,5319,0.0,5.0,2,21,50,8,10,13,2,0.18287426,0.2446796,0.57244617,2
2023,23,2024-02-26,Maccabi Bnei Reineh,Hapoel Petah Tikva,1:1,898,1.0,1.0,1,29,16,5,2,6,14,0.45802996,0.28603977,0.25593027,0
2023,24,2024-03-02,Maccabi Netanya,Hapoel Haifa,1:2,5277,1.0,2.0,2,25,41,1,7,9,4,0.3568653,0.3455777,0.29755703,0
2023,24,2024-03-02,Ihud Bnei Sakhnin,FC Ashdod,1:1,1735,1.0,1.0,1,32,21,10,7,5,13,0.43772057,0.32057148,0.241708,0
2023,24,2024-03-02,Hapoel Jerusalem,Maccabi Bnei Reineh,1:0,1802,1.0,0.0,0,24,30,8,5,10,6,0.34023637,0.31984797,0.33991563,0
2023,24,2024-03-02,Maccabi Tel Aviv,Maccabi Petah Tikva,4:0,21516,4.0,0.0,0,53,29,10,13,2,7,0.52008057,0.40781832,0.07210111,0
2023,24,2024-03-03,Maccabi Haifa,Hapoel Hadera,1:0,27342,1.0,0.0,0,53,22,10,7,2,12,0.8797029,0.05617216,0.064124934,0
2023,24,2024-03-04,Hapoel Petah Tikva,Hapoel Tel Aviv,0:0,6452,0.0,0.0,1,17,24,2,4,14,11,0.33078235,0.34936374,0.31985387,1
2023,24,2024-03-04,Hapoel Beer Sheva,Beitar Jerusalem,1:0,11781,1.0,0.0,0,43,27,10,2,4,9,0.6257447,0.15262802,0.22162728,0
2023,25,2024-03-09,Hapoel Petah Tikva,Maccabi Petah Tikva,2:2,7295,2.0,2.0,1,18,29,2,10,14,7,0.33474424,0.31460223,0.3506535,2
2023,25,2024-03-09,Hapoel Tel Aviv,Hapoel Jerusalem,0:0,8820,0.0,0.0,1,25,27,5,11,11,8,0.3720894,0.32440287,0.30350778,0
2023,25,2024-03-09,Hapoel Hadera,Ihud Bnei Sakhnin,1:0,1670,1.0,0.0,0,22,33,7,8,12,5,0.2975861,0.3235199,0.378894,2
2023,25,2024-03-09,FC Ashdod,Maccabi Netanya,0:2,2389,0.0,2.0,2,22,25,5,1,13,12,0.38166305,0.23697785,0.3813591,0
2023,25,2024-03-10,Maccabi Bnei Reineh,Maccabi Haifa,2:1,4398,2.0,1.0,0,30,56,5,13,6,1,0.12345687,0.20161413,0.674929,2
2023,25,2024-03-10,Beitar Jerusalem,Maccabi Tel Aviv,0:1,17713,0.0,1.0,2,27,56,1,10,10,2,0.25180513,0.21602306,0.53217185,2
2023,25,2024-03-11,Hapoel Haifa,Hapoel Beer Sheva,1:0,3510,1.0,0.0,0,44,46,7,10,4,3,0.25372747,0.25053042,0.49574205,2
2023,26,2024-03-16,Hapoel Jerusalem,Hapoel Petah Tikva,3:2,3540,3.0,2.0,0,28,19,9,3,8,14,0.52877426,0.23396653,0.23725918,0
2023,26,2024-03-16,Hapoel Beer Sheva,FC Ashdod,1:0,8730,1.0,0.0,0,46,22,7,5,4,13,0.6464198,0.19159557,0.16198467,0
2023,26,2024-03-16,Maccabi Netanya,Hapoel Hadera,1:3,4140,1.0,3.0,2,28,25,4,10,9,12,0.40176898,0.21535137,0.3828796,0
2023,26,2024-03-16,Maccabi Petah Tikva,Beitar Jerusalem,0:3,9329,0.0,3.0,2,30,27,8,1,8,11,0.5216691,0.18445984,0.29387105,0
2023,26,2024-03-16,Ihud Bnei Sakhnin,Maccabi Bnei Reineh,0:0,2532,0.0,0.0,1,33,33,8,5,6,5,0.38004538,0.28414634,0.33580828,0
2023,26,2024-03-17,Maccabi Tel Aviv,Hapoel Haifa,3:1,21486,3.0,1.0,0,59,47,13,7,1,4,0.62595725,0.3203948,0.053647887,0
2023,26,2024-03-17,Maccabi Haifa,Hapoel Tel Aviv,0:0,28230,0.0,0.0,1,56,26,10,3,2,12,0.88470656,0.053923525,0.06136994,0
2023,27,2024-03-30,Hapoel Beer Sheva,Hapoel Haifa,2:1,10565,2.0,1.0,0,49,47,7,7,3,4,0.5441681,0.1415758,0.3142561,0
2023,27,2024-03-30,Maccabi Tel Aviv,Ihud Bnei Sakhnin,2:0,20267,2.0,0.0,0,62,34,15,8,1,6,0.5361397,0.45267332,0.011186963,0
2023,27,2024-03-30,Hapoel Hadera,Hapoel Petah Tikva,1:1,1938,1.0,1.0,1,28,19,10,3,10,14,0.50881207,0.3073454,0.1838425,0
2023,27,2024-03-30,Maccabi Petah Tikva,FC Ashdod,0:1,1009,0.0,1.0,2,30,22,5,2,8,13,0.36511543,0.27149984,0.36338472,0
2023,27,2024-03-31,Maccabi Haifa,Maccabi Bnei Reineh,1:2,24560,1.0,2.0,2,57,34,8,6,2,5,0.5038674,0.4020707,0.09406195,0
2023,27,2024-03-31,Maccabi Netanya,Beitar Jerusalem,0:3,9301,0.0,3.0,2,28,30,4,4,11,9,0.49752042,0.21444182,0.28803778,0
2023,27,2024-04-01,Hapoel Jerusalem,Hapoel Tel Aviv,2:0,2590,2.0,0.0,0,31,27,9,4,8,12,0.42310438,0.25141478,0.32548082,0
2023,28,2024-04-06,Ihud Bnei Sakhnin,Hapoel Haifa,2:1,933,2.0,1.0,0,34,47,5,6,7,4,0.31347948,0.3253135,0.36120704,2
2023,28,2024-04-07,Maccabi Bnei Reineh,Hapoel Beer Sheva,1:0,1577,1.0,0.0,0,37,52,8,9,5,3,0.2746436,0.24058591,0.48477048,2
2023,28,2024-04-08,Maccabi Tel Aviv,Maccabi Haifa,1:1,26275,1.0,1.0,1,65,57,15,7,1,2,0.42784864,0.5624354,0.009715963,1
2023,29,2024-04-13,Maccabi Haifa,Ihud Bnei Sakhnin,1:0,26231,1.0,0.0,0,58,37,5,5,2,6,0.65596324,0.24487239,0.09916436,0
2023,28,2024-04-13,Beitar Jerusalem,Hapoel Hadera,0:1,15000,0.0,1.0,2,33,29,7,8,8,10,0.4011533,0.27991167,0.31893504,0
2023,28,2024-04-13,Hapoel Tel Aviv,Hapoel Petah Tikva,1:1,9928,1.0,1.0,1,27,20,3,4,12,14,0.5048596,0.2527774,0.24236296,0
2023,29,2024-04-14,Hapoel Haifa,Maccabi Bnei Reineh,2:0,0,2.0,0.0,0,47,40,6,10,4,5,0.32896388,0.25062895,0.42040718,2
2023,28,2024-04-14,Hapoel Jerusalem,Maccabi Petah Tikva,2:0,0,2.0,0.0,0,34,30,11,4,7,10,0.45691285,0.26114064,0.28194654,0
2023,28,2024-04-14,FC Ashdod,Maccabi Netanya,0:0,0,0.0,0.0,1,25,28,4,4,13,11,0.3923031,0.26329002,0.34440684,0
2023,29,2024-04-15,Hapoel Beer Sheva,Maccabi Tel Aviv,1:0,12103,1.0,0.0,0,52,66,9,13,3,1,0.27411583,0.33954853,0.38633564,2
2023,30,2024-04-20,Ihud Bnei Sakhnin,Maccabi Bnei Reineh,0:2,1167,0.0,2.0,2,37,40,4,10,7,5,0.31597283,0.3143801,0.3696471,2
2023,30,2024-04-20,Maccabi Tel Aviv,Hapoel Haifa,4:0,23221,4.0,0.0,0,66,50,10,6,1,4,0.6830886,0.2705091,0.046402343,0
2023,30,2024-04-20,Maccabi Haifa,Hapoel Beer Sheva,4:1,27457,4.0,1.0,0,61,55,5,9,2,3,0.72193885,0.08641368,0.19164744,0
2023,29,2024-04-20,Maccabi Netanya,Hapoel Jerusalem,1:0,4399,1.0,0.0,0,29,37,4,13,11,6,0.26175445,0.2671279,0.47111768,2
2023,29,2024-04-20,Maccabi Petah Tikva,Hapoel Tel Aviv,4:2,4290,4.0,2.0,0,30,28,1,4,11,12,0.4226027,0.23655812,0.3408392,0
2023,29,2024-04-21,Hapoel Hadera,FC Ashdod,2:2,700,2.0,2.0,1,32,26,10,5,10,13,0.40350845,0.30301696,0.2934746,0
2023,29,2024-04-21,Hapoel Petah Tikva,Beitar Jerusalem,0:2,8560,0.0,2.0,2,21,33,4,6,14,10,0.36006698,0.31062362,0.3293094,0
2023,31,2024-04-27,Maccabi Bnei Reineh,Maccabi Tel Aviv,2:3,4459,2.0,3.0,2,43,69,10,10,5,1,0.20709214,0.24156258,0.5513453,2
2023,30,2024-04-27,Hapoel Jerusalem,Hapoel Hadera,2:1,1200,2.0,1.0,0,37,33,10,11,6,9,0.27187997,0.35859272,0.36952737,2
2023,30,2024-04-27,Maccabi Petah Tikva,Maccabi Netanya,0:2,1791,0.0,2.0,2,33,32,4,7,10,11,0.31938344,0.31298319,0.36763337,2
2023,30,2024-04-27,Hapoel Tel Aviv,Beitar Jerusalem,1:5,17800,1.0,5.0,2,28,36,3,9,12,8,0.3846899,0.27486166,0.34044847,0
2023,30,2024-04-27,FC Ashdod,Hapoel Petah Tikva,1:0,2072,1.0,0.0,0,27,21,5,3,13,14,0.40937963,0.27675536,0.313865,0
2023,31,2024-04-29,Hapoel Beer Sheva,Ihud Bnei Sakhnin,2:1,6155,2.0,1.0,0,55,37,9,4,3,8,0.6453792,0.2135608,0.14106005,0
2023,31,2024-04-29,Hapoel Haifa,Maccabi Haifa,0:2,21284,0.0,2.0,2,50,64,3,8,4,2,0.36045986,0.34987167,0.2896685,0
2023,32,2024-05-04,Hapoel Haifa,Hapoel Beer Sheva,2:0,2650,2.0,0.0,0,50,58,3,9,4,3,0.34003913,0.23031043,0.4296505,2
2023,32,2024-05-04,Maccabi Bnei Reineh,Maccabi Haifa,1:5,4596,1.0,5.0,2,43,67,9,10,5,2,0.2253993,0.26099393,0.5136068,2
2023,31,2024-05-04,Maccabi Netanya,Hapoel Tel Aviv,0:1,9816,0.0,1.0,2,35,28,7,2,9,13,0.5064927,0.18591669,0.30759063,0
2023,31,2024-05-04,Hapoel Petah Tikva,Hapoel Jerusalem,1:0,1620,1.0,0.0,0,21,40,2,12,14,6,0.2600267,0.23231225,0.50766104,2
2023,32,2024-05-06,Ihud Bnei Sakhnin,Maccabi Tel Aviv,1:1,3510,1.0,1.0,1,37,72,3,10,8,1,0.18541081,0.21287602,0.6017131,2
2023,31,2024-05-06,Hapoel Hadera,Maccabi Petah Tikva,0:4,1280,0.0,4.0,2,33,33,8,3,10,11,0.297992,0.36156985,0.34043816,1
2023,31,2024-05-06,Beitar Jerusalem,FC Ashdod,0:0,11591,0.0,0.0,1,39,30,12,8,7,13,0.58563226,0.19325846,0.22110926,0
2023,33,2024-05-09,Hapoel Haifa,Ihud Bnei Sakhnin,1:2,1940,1.0,2.0,2,53,38,6,4,4,8,0.4683753,0.25216332,0.27946138,0
2023,33,2024-05-09,Hapoel Beer Sheva,Maccabi Bnei Reineh,2:1,7308,2.0,1.0,0,58,43,6,6,3,5,0.61945665,0.22007346,0.16046982,0
2023,33,2024-05-11,Maccabi Haifa,Maccabi Tel Aviv,0:1,29842,0.0,1.0,2,70,73,13,8,2,1,0.5150666,0.1166074,0.36832604,0
2023,32,2024-05-11,Hapoel Tel Aviv,FC Ashdod,0:2,25179,0.0,2.0,2,31,31,4,9,13,12,0.3462687,0.38714823,0.26658303,1
2023,32,2024-05-11,Hapoel Jerusalem,Beitar Jerusalem,3:0,11753,3.0,0.0,0,40,40,9,10,7,8,0.45967445,0.23493059,0.305395,0
2023,32,2024-05-11,Maccabi Petah Tikva,Hapoel Petah Tikva,4:1,2205,4.0,1.0,0,36,24,6,5,9,14,0.4311438,0.2330959,0.33576033,0
2023,32,2024-05-11,Maccabi Netanya,Hapoel Hadera,1:2,3600,1.0,2.0,2,35,33,7,5,10,12,0.42863902,0.23180701,0.33955395,0
2023,34,2024-05-18,Ihud Bnei Sakhnin,Maccabi Haifa,1:2,2500,1.0,2.0,2,41,70,4,12,7,2,0.23735683,0.2815908,0.4810524,2
2023,34,2024-05-18,Maccabi Tel Aviv,Hapoel Beer Sheva,3:0,25180,3.0,0.0,0,76,61,10,9,1,3,0.74995005,0.14850925,0.101540774,0
2023,34,2024-05-18,Maccabi Bnei Reineh,Hapoel Haifa,0:1,800,0.0,1.0,2,43,53,3,6,6,4,0.33794126,0.27306345,0.3889953,2
2023,33,2024-05-18,Hapoel Hadera,Hapoel Tel Aviv,0:1,1100,0.0,1.0,2,36,31,7,4,10,13,0.3273136,0.31909525,0.3535911,2
2023,33,2024-05-18,FC Ashdod,Hapoel Jerusalem,3:1,1620,3.0,1.0,0,34,43,9,9,12,5,0.30706868,0.33671406,0.35621727,2
2023,33,2024-05-19,Hapoel Petah Tikva,Maccabi Netanya,1:3,948,1.0,3.0,2,24,35,4,7,14,12,0.29787767,0.32256922,0.37955305,2
2023,33,2024-05-20,Beitar Jerusalem,Maccabi Petah Tikva,1:1,10500,1.0,1.0,1,40,39,7,9,8,9,0.45031944,0.23068537,0.31899518,0
2023,35,2024-05-21,Maccabi Bnei Reineh,Ihud Bnei Sakhnin,2:2,980,2.0,2.0,1,43,41,3,4,6,7,0.3888478,0.25948095,0.35167128,0
2023,35,2024-05-21,Hapoel Haifa,Maccabi Tel Aviv,0:3,6834,0.0,3.0,2,56,79,6,13,4,1,0.1934028,0.4622247,0.3443725,1
2023,35,2024-05-21,Hapoel Beer Sheva,Maccabi Haifa,1:4,9675,1.0,4.0,2,61,73,6,12,3,2,0.28868747,0.37248686,0.33882567,1
2023,36,2024-05-25,Ihud Bnei Sakhnin,Hapoel Beer Sheva,4:1,1500,4.0,1.0,0,42,61,5,6,7,3,0.37710857,0.2313044,0.391587,2
2023,36,2024-05-25,Maccabi Haifa,Hapoel Haifa,0:2,25140,0.0,2.0,2,76,56,12,6,2,4,0.6511518,0.23776042,0.11108777,0
2023,36,2024-05-25,Maccabi Tel Aviv,Maccabi Bnei Reineh,2:0,21145,2.0,0.0,0,82,44,13,1,1,6,0.6800076,0.16769242,0.15230004,0
2024,1,2024-08-24,Maccabi Bnei Reineh,Maccabi Netanya,4:3,1506,4.0,3.0,0,0,0,0,0,5,8,0.32643387,0.37273505,0.30083108,1
2024,1,2024-08-24,Ihud Bnei Sakhnin,Maccabi Petah Tikva,2:0,850,2.0,0.0,0,0,0,0,0,9,7,0.35948184,0.28818327,0.35233483,0
2024,1,2024-08-24,Hapoel Hadera,Hapoel Haifa,0:0,1700,0.0,0.0,1,0,0,0,0,7,6,0.32643387,0.37273505,0.30083108,1
2024,1,2024-08-24,Maccabi Haifa,Ironi Tiberias,4:0,26432,4.0,0.0,0,0,0,0,0,10,7,0.45318112,0.33942765,0.20739123,0
2024,1,2024-08-25,Beitar Jerusalem,FC Ashdod,3:2,17188,3.0,2.0,0,0,0,0,0,14,12,0.5002883,0.24342698,0.2562847,0
2024,1,2024-08-26,Ironi Kiryat Shmona,Hapoel Beer Sheva,0:1,1768,0.0,1.0,2,0,0,0,0,8,12,0.3476676,0.35743576,0.29489666,1
2024,2,2024-08-31,Hapoel Haifa,Maccabi Bnei Reineh,1:3,2570,1.0,3.0,2,1,3,1,3,6,1,0.23813528,0.19701853,0.56484616,2
2024,2,2024-08-31,FC Ashdod,Ironi Kiryat Shmona,2:1,1286,2.0,1.0,0,0,0,0,0,13,9,0.2868272,0.39769667,0.31547618,1
2024,2,2024-08-31,Hapoel Jerusalem,Hapoel Hadera,1:1,1580,1.0,1.0,1,0,1,0,1,9,8,0.31845334,0.36904392,0.31250277,1
2024,2,2024-08-31,Ironi Tiberias,Beitar Jerusalem,1:0,3752,1.0,0.0,0,0,3,0,3,11,6,0.34830937,0.29369706,0.3579936,2
2024,2,2024-08-31,Maccabi Netanya,Maccabi Haifa,0:2,11090,0.0,2.0,2,0,3,0,3,13,4,0.42664593,0.22837192,0.34498218,0
2024,2,2024-09-01,Hapoel Beer Sheva,Ihud Bnei Sakhnin,0:0,0,0.0,0.0,1,3,3,3,3,5,4,0.37213847,0.29234198,0.33551952,0
2024,2,2024-09-01,Maccabi Petah Tikva,Maccabi Tel Aviv,0:3,9505,0.0,3.0,2,0,0,0,0,12,14,0.45310792,0.26239106,0.28450102,0
2024,3,2024-09-14,Ihud Bnei Sakhnin,FC Ashdod,2:2,1520,2.0,2.0,1,4,3,4,3,3,6,0.3643426,0.35684544,0.27881196,0
2024,3,2024-09-14,Hapoel Haifa,Hapoel Jerusalem,4:0,2370,4.0,0.0,0,1,1,1,1,11,10,0.34934306,0.29810613,0.3525508,2
2024,3,2024-09-14,Maccabi Bnei Reineh,Maccabi Haifa,2:2,3997,2.0,2.0,1,6,6,6,6,1,2,0.34525344,0.26693344,0.38781315,2
2024,3,2024-09-14,Ironi Kiryat Shmona,Ironi Tiberias,2:0,674,2.0,0.0,0,0,3,0,3,12,7,0.33419818,0.27847037,0.38733152,2
2024,3,2024-09-14,Maccabi Tel Aviv,Hapoel Beer Sheva,1:0,25032,1.0,0.0,0,3,4,3,4,9,5,0.40142104,0.33783075,0.2607482,0
2024,3,2024-09-15,Beitar Jerusalem,Maccabi Netanya,2:0,13331,2.0,0.0,0,3,0,3,0,10,14,0.54069144,0.2350123,0.22429627,0
2024,3,2024-09-16,Hapoel Hadera,Maccabi Petah Tikva,0:1,978,0.0,1.0,2,2,0,2,0,11,13,0.31889537,0.4195101,0.26159456,1
2024,1,2024-09-18,Maccabi Tel Aviv,Hapoel Jerusalem,2:1,18267,2.0,1.0,0,6,1,6,1,3,13,0.6718133,0.18947864,0.13870807,0
2024,4,2024-09-21,Hapoel Jerusalem,Maccabi Bnei Reineh,0:1,1887,0.0,1.0,2,1,7,1,7,13,2,0.25774607,0.2603408,0.48191315,2
2024,4,2024-09-21,Ironi Tiberias,Ihud Bnei Sakhnin,1:0,1008,1.0,0.0,0,3,5,3,5,10,5,0.29692268,0.3637475,0.3393298,1
2024,4,2024-09-21,Maccabi Petah Tikva,Hapoel Haifa,0:0,1749,0.0,0.0,1,3,4,3,4,11,7,0.31160223,0.33361632,0.35478145,2
2024,4,2024-09-21,Maccabi Netanya,Ironi Kiryat Shmona,2:0,4298,2.0,0.0,0,0,3,0,3,14,11,0.32300758,0.2736417,0.40335065,2
2024,4,2024-09-21,Hapoel Beer Sheva,Hapoel Hadera,2:1,8867,2.0,1.0,0,4,2,4,2,9,13,0.42192686,0.32122374,0.2568494,0
2024,4,2024-09-22,FC Ashdod,Maccabi Tel Aviv,0:2,5149,0.0,2.0,2,4,9,4,9,10,2,0.2388919,0.2546743,0.5064338,2
2024,5,2024-09-28,Ironi Kiryat Shmona,Maccabi Haifa,0:4,0,0.0,4.0,2,3,7,3,7,11,3,0.35713777,0.22305126,0.419811,2
2024,5,2024-09-28,Maccabi Bnei Reineh,Beitar Jerusalem,0:2,0,0.0,2.0,2,10,6,10,6,2,6,0.4621509,0.3033435,0.23450556,0
2024,5,2024-09-28,Hapoel Jerusalem,Maccabi Petah Tikva,4:1,1368,4.0,1.0,0,1,4,1,4,14,9,0.2605967,0.39820164,0.34120163,1
2024,5,2024-09-29,Hapoel Beer Sheva,Hapoel Haifa,3:0,8765,3.0,0.0,0,7,5,7,5,5,7,0.39000723,0.3301793,0.2798134,0
2024,5,2024-09-29,Maccabi Tel Aviv,Ironi Tiberias,1:1,0,1.0,1.0,1,12,6,12,6,1,6,0.5174822,0.30461943,0.17789835,0
2024,5,2024-09-30,Ihud Bnei Sakhnin,Maccabi Netanya,1:0,0,1.0,0.0,0,5,3,5,3,8,13,0.41346893,0.28847358,0.29805753,0
2024,5,2024-09-30,Hapoel Hadera,FC Ashdod,0:3,0,0.0,3.0,2,2,4,2,4,14,11,0.38703603,0.2796729,0.3332911,0
2024,6,2024-10-05,FC Ashdod,Hapoel Haifa,0:1,1722,0.0,1.0,2,7,5,7,5,8,9,0.32119024,0.3265678,0.35224193,2
2024,6,2024-10-05,Maccabi Haifa,Ihud Bnei Sakhnin,3:0,0,3.0,0.0,0,10,8,10,8,3,7,0.43363655,0.30650148,0.259862,0
2024,6,2024-10-05,Maccabi Petah Tikva,Maccabi Bnei Reineh,2:1,0,2.0,1.0,0,4,10,4,10,11,3,0.3603581,0.22130704,0.4183349,2
2024,6,2024-10-05,Ironi Tiberias,Hapoel Hadera,1:1,0,1.0,1.0,1,7,2,7,2,8,14,0.4197342,0.26064074,0.31962508,0
2024,6,2024-10-05,Beitar Jerusalem,Ironi Kiryat Shmona,1:1,8500,1.0,1.0,1,9,3,9,3,5,12,0.443322,0.3087252,0.24795282,0
2024,6,2024-10-06,Hapoel Beer Sheva,Hapoel Jerusalem,3:1,7510,3.0,1.0,0,10,4,10,4,4,11,0.5271652,0.2750678,0.19776705,0
2024,6,2024-10-06,Maccabi Netanya,Maccabi Tel Aviv,1:2,1624,1.0,2.0,2,3,13,3,13,14,3,0.15539506,0.23668946,0.60791546,2
2024,7,2024-10-19,Maccabi Bnei Reineh,Ironi Kiryat Shmona,1:0,0,1.0,0.0,0,10,4,7,4,4,12,0.42440733,0.2725634,0.30302924,0
2024,7,2024-10-19,Hapoel Hadera,Maccabi Netanya,2:2,0,2.0,2.0,1,3,3,2,3,13,14,0.40209618,0.2603576,0.33754623,0
2024,7,2024-10-19,Hapoel Haifa,Ironi Tiberias,1:0,0,1.0,0.0,0,8,8,7,8,7,6,0.362862,0.27902266,0.35811538,0
2024,7,2024-10-19,Maccabi Tel Aviv,Maccabi Haifa,2:0,19880,2.0,0.0,0,16,13,13,13,1,3,0.68950456,0.22631633,0.084179044,0
2024,7,2024-10-20,Hapoel Jerusalem,FC Ashdod,1:0,1704,1.0,0.0,0,4,7,3,7,11,10,0.3118918,0.33805877,0.35004944,2
2024,7,2024-10-20,Maccabi Petah Tikva,Hapoel Beer Sheva,2:5,1534,2.0,5.0,2,7,13,7,10,10,4,0.268741,0.3398098,0.3914492,2
2024,4,2024-10-22,Beitar Jerusalem,Maccabi Haifa,3:2,22000,3.0,2.0,0,10,13,10,10,6,4,0.37456286,0.3356103,0.28982678,0
2024,8,2024-10-26,Ironi Kiryat Shmona,Ihud Bnei Sakhnin,2:1,0,2.0,1.0,0,4,8,4,5,12,8,0.37934452,0.2940822,0.3265733,0
2024,8,2024-10-26,FC Ashdod,Maccabi Petah Tikva,0:0,1499,0.0,0.0,1,7,7,4,7,12,11,0.28944865,0.37206998,0.33848134,1
2024,8,2024-10-26,Ironi Tiberias,Hapoel Jerusalem,0:2,0,0.0,2.0,2,8,7,5,6,7,11,0.36015877,0.2892353,0.35060588,0
2024,8,2024-10-26,Hapoel Beer Sheva,Maccabi Bnei Reineh,1:1,8923,1.0,1.0,1,16,13,12,7,2,3,0.39242375,0.3311438,0.27643245,0
2024,8,2024-10-28,Maccabi Netanya,Hapoel Haifa,0:3,1400,0.0,3.0,2,4,11,4,10,14,6,0.31046185,0.36719888,0.3223393,1
2024,8,2024-10-28,Beitar Jerusalem,Maccabi Tel Aviv,3:1,25000,3.0,1.0,0,13,19,10,13,6,1,0.19708964,0.5333028,0.26960757,1
2024,8,2024-10-28,Maccabi Haifa,Hapoel Hadera,4:2,9234,4.0,2.0,0,13,4,7,2,6,13,0.5085871,0.2203562,0.27105668,0
2024,9,2024-11-02,Hapoel Jerusalem,Maccabi Netanya,2:3,4455,2.0,3.0,2,10,4,9,4,7,14,0.36569566,0.26162565,0.37267873,2
2024,9,2024-11-02,Maccabi Tel Aviv,Ironi Kiryat Shmona,0:1,10345,0.0,1.0,2,19,7,10,4,1,12,0.75211245,0.19114953,0.056738015,0
2024,9,2024-11-02,Maccabi Bnei Reineh,Ihud Bnei Sakhnin,0:1,1043,0.0,1.0,2,14,8,7,4,6,11,0.25512528,0.39911342,0.34576133,1
2024,9,2024-11-02,Maccabi Petah Tikva,Ironi Tiberias,0:0,719,0.0,0.0,1,8,8,5,5,11,10,0.3302319,0.30292138,0.3668467,2
2024,9,2024-11-02,Hapoel Hadera,Beitar Jerusalem,0:4,1677,0.0,4.0,2,4,16,2,13,14,4,0.18420306,0.28971115,0.5260858,2
2024,9,2024-11-03,Hapoel Beer Sheva,FC Ashdod,3:1,10066,3.0,1.0,0,17,8,13,4,3,12,0.64909303,0.18660873,0.16429822,0
2024,9,2024-11-04,Hapoel Haifa,Maccabi Haifa,1:4,5770,1.0,4.0,2,14,16,10,9,5,4,0.31911469,0.37014964,0.31073567,1
2024,7,2024-11-05,Ihud Bnei Sakhnin,Beitar Jerusalem,2:1,0,2.0,1.0,0,11,19,6,13,7,4,0.21381488,0.27479792,0.5113872,2
2024,10,2024-11-08,Hapoel Jerusalem,Maccabi Haifa,0:0,12576,0.0,0.0,1,10,19,9,9,8,2,0.34314957,0.2176177,0.43923268,2
2024,10,2024-11-09,Beitar Jerusalem,Hapoel Haifa,1:0,24500,1.0,0.0,0,19,14,10,9,4,5,0.36895847,0.45968336,0.17135815,1
2024,10,2024-11-09,Ironi Tiberias,Hapoel Beer Sheva,0:2,800,0.0,2.0,2,9,20,3,13,10,3,0.1557758,0.1884263,0.6557979,2
2024,10,2024-11-09,FC Ashdod,Maccabi Bnei Reineh,1:2,1562,1.0,2.0,2,8,14,4,4,12,6,0.2961152,0.34290197,0.3609828,2
2024,10,2024-11-09,Ironi Kiryat Shmona,Hapoel Hadera,1:1,397,1.0,1.0,1,10,4,7,2,9,14,0.3542808,0.2972104,0.34850886,0
2024,10,2024-11-10,Maccabi Netanya,Maccabi Petah Tikva,1:2,0,1.0,2.0,2,7,9,4,5,13,11,0.3924434,0.2697066,0.33784997,0
2024,10,2024-11-10,Ihud Bnei Sakhnin,Maccabi Tel Aviv,0:4,0,0.0,4.0,2,14,19,9,7,7,4,0.32324904,0.30951026,0.3672407,2
2024,11,2024-11-29,Ironi Kiryat Shmona,Hapoel Haifa,2:1,1188,2.0,1.0,0,11,14,8,9,10,6,0.22717023,0.4167323,0.35609743,1
2024,11,2024-11-30,Maccabi Petah Tikva,Maccabi Haifa,1:2,9520,1.0,2.0,2,12,20,8,7,9,4,0.36810976,0.2519642,0.37992603,2
2024,11,2024-11-30,Hapoel Hadera,Ihud Bnei Sakhnin,0:0,801,0.0,0.0,1,5,14,3,6,14,8,0.30038637,0.31508183,0.38453183,2
2024,11,2024-11-30,FC Ashdod,Ironi Tiberias,1:0,1637,1.0,0.0,0,8,9,1,2,12,11,0.32066977,0.34601125,0.333319,1
2024,11,2024-11-30,Hapoel Beer Sheva,Maccabi Netanya,1:0,11213,1.0,0.0,0,23,7,13,4,2,13,0.79928815,0.14906205,0.05164981,0
2024,11,2024-12-01,Hapoel Jerusalem,Beitar Jerusalem,3:3,23993,3.0,3.0,1,11,22,7,12,10,4,0.3262034,0.286298,0.38749865,2
2024,11,2024-12-02,Maccabi Bnei Reineh,Maccabi Tel Aviv,1:2,4088,1.0,2.0,2,17,22,7,9,5,4,0.29763344,0.2661914,0.4361752,2
2024,12,2024-12-03,Ihud Bnei Sakhnin,Hapoel Haifa,0:2,1835,0.0,2.0,2,15,14,7,6,6,8,0.2905862,0.34183738,0.36757642,2
2024,12,2024-12-03,Maccabi Netanya,FC Ashdod,2:2,4345,2.0,2.0,1,7,11,4,4,13,11,0.33185467,0.28259912,0.38554624,2
2024,12,2024-12-04,Ironi Kiryat Shmona,Hapoel Jerusalem,2:0,839,2.0,0.0,0,14,12,10,8,8,9,0.30245903,0.35127708,0.34626386,1
2024,12,2024-12-04,Beitar Jerusalem,Maccabi Petah Tikva,5:0,12749,5.0,0.0,0,23,12,10,5,4,10,0.7236225,0.17572258,0.10065496,0
2024,12,2024-12-04,Maccabi Haifa,Hapoel Beer Sheva,0:2,28650,0.0,2.0,2,23,26,10,13,4,1,0.36149204,0.22476467,0.41374326,2
2024,12,2024-12-05,Maccabi Bnei Reineh,Ironi Tiberias,1:0,1242,1.0,0.0,0,17,9,7,1,7,12,0.30784175,0.3605852,0.3315731,1
2024,12,2024-12-05,Maccabi Tel Aviv,Hapoel Hadera,2:2,20649,2.0,2.0,1,25,6,9,3,3,14,0.636703,0.28555018,0.077746816,0
2024,13,2024-12-07,Maccabi Petah Tikva,Ironi Kiryat Shmona,0:1,1539,0.0,1.0,2,12,17,5,13,10,6,0.23366539,0.28496477,0.4813698,2
2024,13,2024-12-07,FC Ashdod,Maccabi Haifa,1:3,6133,1.0,3.0,2,12,23,5,10,11,4,0.29695785,0.3324852,0.37055692,2
2024,13,2024-12-08,Hapoel Jerusalem,Ihud Bnei Sakhnin,1:0,1600,1.0,0.0,0,12,15,5,7,9,8,0.28518254,0.34901017,0.3658073,2
2024,13,2024-12-08,Hapoel Haifa,Maccabi Tel Aviv,1:1,6270,1.0,1.0,1,17,26,6,7,7,3,0.31478992,0.30568808,0.37952203,2
2024,13,2024-12-09,Hapoel Hadera,Maccabi Bnei Reineh,2:1,693,2.0,1.0,0,7,20,3,7,14,6,0.30233678,0.28683516,0.41082802,2
2024,13,2024-12-09,Ironi Tiberias,Maccabi Netanya,2:3,739,2.0,3.0,2,9,8,1,4,13,14,0.36213478,0.28727245,0.35059276,0
2024,13,2024-12-09,Hapoel Beer Sheva,Beitar Jerusalem,4:1,15317,4.0,1.0,0,29,26,13,10,1,4,0.73679763,0.19346015,0.06974223,0
2024,14,2024-12-14,Maccabi Netanya,Maccabi Bnei Reineh,2:0,4394,2.0,0.0,0,11,20,7,6,12,6,0.28922963,0.28948784,0.42128253,2
2024,14,2024-12-14,Hapoel Beer Sheva,Ironi Kiryat Shmona,5:1,12379,5.0,1.0,0,32,20,15,13,1,5,0.72264385,0.25806844,0.01928772,0
2024,14,2024-12-14,Maccabi Petah Tikva,Ihud Bnei Sakhnin,1:1,1394,1.0,1.0,1,12,15,4,4,11,9,0.28857008,0.35717842,0.3542515,1
2024,14,2024-12-14,Hapoel Haifa,Hapoel Hadera,3:0,2570,3.0,0.0,0,18,10,4,6,7,13,0.3841362,0.26629278,0.34957102,0
2024,14,2024-12-14,FC Ashdod,Beitar Jerusalem,2:3,6664,2.0,3.0,2,12,26,4,7,12,4,0.29502755,0.3640734,0.34089908,1
2024,14,2024-12-15,Ironi Tiberias,Maccabi Haifa,0:0,4800,0.0,0.0,1,9,26,1,10,14,4,0.25571877,0.33406502,0.4102162,2
2024,14,2024-12-16,Hapoel Jerusalem,Maccabi Tel Aviv,2:3,6234,2.0,3.0,2,15,27,5,8,9,4,0.30955288,0.33656153,0.35388562,2
2024,15,2024-12-21,Maccabi Tel Aviv,Maccabi Petah Tikva,3:2,20026,3.0,2.0,0,30,13,11,4,2,11,0.63383305,0.28930923,0.0768577,0
2024,15,2024-12-21,Maccabi Bnei Reineh,Hapoel Haifa,0:2,1191,0.0,2.0,2,20,21,6,7,7,5,0.27228585,0.34336755,0.3843466,2
2024,15,2024-12-21,Hapoel Hadera,Hapoel Jerusalem,1:1,877,1.0,1.0,1,10,15,6,5,14,9,0.2712836,0.33425757,0.39445883,2
2024,15,2024-12-21,Ihud Bnei Sakhnin,Hapoel Beer Sheva,0:0,1220,0.0,0.0,1,16,35,2,15,9,1,0.09782909,0.17613393,0.72603697,2
2024,15,2024-12-21,Maccabi Haifa,Maccabi Netanya,2:1,26126,2.0,1.0,0,27,14,8,7,4,10,0.4980806,0.37765786,0.12426154,0
2024,15,2024-12-22,Ironi Kiryat Shmona,FC Ashdod,3:2,362,3.0,2.0,0,20,12,10,4,6,12,0.4451622,0.28980184,0.26503602,0
2024,15,2024-12-23,Beitar Jerusalem,Ironi Tiberias,1:1,13819,1.0,1.0,1,29,10,10,1,4,14,0.7161851,0.17499097,0.10882396,0
2024,16,2024-12-31,Ironi Tiberias,Ironi Kiryat Shmona,3:1,191,3.0,1.0,0,11,23,2,12,13,6,0.31637108,0.26748574,0.41614315,2
2024,16,2024-12-31,Maccabi Petah Tikva,Hapoel Hadera,0:0,470,0.0,0.0,1,13,11,1,6,12,14,0.35777783,0.28923467,0.35298747,0
2024,16,2024-12-31,FC Ashdod,Ihud Bnei Sakhnin,3:5,442,3.0,5.0,2,12,17,4,3,14,8,0.31211197,0.31552985,0.37235814,2
2024,16,2025-01-01,Hapoel Jerusalem,Hapoel Haifa,1:0,1424,1.0,0.0,0,16,24,5,10,9,5,0.28078476,0.30745322,0.411762,2
2024,16,2025-01-01,Maccabi Netanya,Beitar Jerusalem,3:0,12420,3.0,0.0,0,14,30,7,8,12,4,0.3874723,0.22228923,0.39023846,2
2024,16,2025-01-01,Hapoel Beer Sheva,Maccabi Tel Aviv,2:2,15231,2.0,2.0,1,36,33,13,11,1,2,0.60720754,0.29786906,0.0949234,0
2024,16,2025-01-02,Maccabi Haifa,Maccabi Bnei Reineh,2:0,23432,2.0,0.0,0,30,20,10,3,3,7,0.59788334,0.2760998,0.12601687,0
2024,17,2025-01-04,Hapoel Haifa,Maccabi Petah Tikva,5:1,2480,5.0,1.0,0,24,14,10,2,5,12,0.55397177,0.28051051,0.16551778,0
2024,17,2025-01-04,Maccabi Tel Aviv,FC Ashdod,5:1,20874,5.0,1.0,0,34,12,9,1,2,14,0.65325737,0.2711439,0.07559867,0
2024,17,2025-01-04,Ihud Bnei Sakhnin,Ironi Tiberias,0:0,1026,0.0,0.0,1,20,14,5,5,8,11,0.3175577,0.33211258,0.35032976,2
2024,17,2025-01-04,Hapoel Hadera,Hapoel Beer Sheva,1:2,3078,1.0,2.0,2,12,37,6,11,13,1,0.12723386,0.167672,0.70509416,2
2024,17,2025-01-05,Ironi Kiryat Shmona,Maccabi Netanya,0:1,2021,0.0,1.0,2,23,17,9,10,6,10,0.41657278,0.3255348,0.25789237,0
2024,17,2025-01-06,Maccabi Bnei Reineh,Hapoel Jerusalem,0:0,1101,0.0,0.0,1,20,19,3,7,8,10,0.32842574,0.29184863,0.37972566,2
2024,17,2025-01-06,Maccabi Haifa,Beitar Jerusalem,1:3,29064,1.0,3.0,2,33,30,10,7,3,4,0.7441817,0.046696894,0.20912145,0
2024,18,2025-01-11,Maccabi Haifa,Ironi Kiryat Shmona,4:1,28034,4.0,1.0,0,33,23,10,6,3,6,0.75389653,0.08078496,0.1653185,0
2024,18,2025-01-11,Beitar Jerusalem,Maccabi Bnei Reineh,1:4,19700,1.0,4.0,2,33,21,7,1,4,7,0.55633,0.20522559,0.2384444,0
2024,18,2025-01-11,Maccabi Netanya,Ihud Bnei Sakhnin,4:0,5265,4.0,0.0,0,20,21,12,6,10,8,0.3697135,0.3673733,0.26291326,0
2024,18,2025-01-11,Maccabi Petah Tikva,Hapoel Jerusalem,2:0,1644,2.0,0.0,0,14,20,2,8,12,10,0.28156853,0.31915063,0.39928085,2
2024,18,2025-01-11,Ironi Tiberias,Maccabi Tel Aviv,2:2,4460,2.0,2.0,1,15,37,6,11,12,2,0.1587347,0.1692323,0.672033,2
2024,18,2025-01-12,FC Ashdod,Hapoel Hadera,1:1,1598,1.0,1.0,1,12,12,0,5,14,13,0.30698425,0.3357224,0.35729334,2
2024,18,2025-01-12,Hapoel Haifa,Hapoel Beer Sheva,0:1,3760,0.0,1.0,2,27,40,10,11,5,1,0.25316703,0.19999035,0.5468426,2
2024,19,2025-01-18,Ironi Kiryat Shmona,Beitar Jerusalem,0:3,8162,0.0,3.0,2,23,33,3,7,7,4,0.3987939,0.29513422,0.3060719,0
2024,19,2025-01-18,Ihud Bnei Sakhnin,Maccabi Haifa,0:3,4311,0.0,3.0,2,21,36,6,10,9,3,0.2560905,0.18389243,0.56001705,2
2024,19,2025-01-18,Maccabi Bnei Reineh,Maccabi Petah Tikva,1:2,1205,1.0,2.0,2,24,17,4,5,6,11,0.41232663,0.32174063,0.26593274,0
2024,19,2025-01-18,Maccabi Tel Aviv,Maccabi Netanya,4:1,20080,4.0,1.0,0,38,23,11,12,3,8,0.5134209,0.3594802,0.12709896,0
2024,19,2025-01-19,Hapoel Jerusalem,Hapoel Beer Sheva,0:2,3220,0.0,2.0,2,20,43,5,11,10,1,0.15931103,0.19874476,0.6419442,2
2024,19,2025-01-20,Hapoel Haifa,FC Ashdod,2:1,1430,2.0,1.0,0,27,13,9,1,5,14,0.47174826,0.3349397,0.19331202,0
2024,19,2025-01-20,Hapoel Hadera,Ironi Tiberias,1:2,963,1.0,2.0,2,13,16,3,7,13,12,0.30619472,0.3425036,0.35130167,2
2024,20,2025-01-25,Beitar Jerusalem,Ihud Bnei Sakhnin,1:0,15950,1.0,0.0,0,36,21,7,5,4,9,0.574391,0.20931642,0.21629258,0
2024,20,2025-01-25,Ironi Tiberias,Hapoel Haifa,1:1,884,1.0,1.0,1,19,30,9,9,12,5,0.25386482,0.3594176,0.38671765,2
2024,20,2025-01-25,Ironi Kiryat Shmona,Maccabi Bnei Reineh,0:0,372,0.0,0.0,1,23,24,3,4,7,6,0.38525274,0.24845341,0.36629382,0
2024,20,2025-01-25,FC Ashdod,Hapoel Jerusalem,1:1,1882,1.0,1.0,1,13,20,1,5,14,10,0.27131298,0.32370645,0.40498054,2
2024,20,2025-01-25,Hapoel Beer Sheva,Maccabi Petah Tikva,1:0,13247,1.0,0.0,0,46,20,11,7,1,12,0.8229296,0.14090979,0.036160562,0
2024,20,2025-01-26,Maccabi Netanya,Hapoel Hadera,2:1,5224,2.0,1.0,0,23,13,9,3,8,14,0.52765185,0.3138588,0.15848939,0
2024,20,2025-01-27,Maccabi Haifa,Maccabi Tel Aviv,0:3,28997,0.0,3.0,2,39,41,12,11,3,2,0.6493317,0.06675824,0.2839101,0
2024,21,2025-02-01,Maccabi Bnei Reineh,Hapoel Beer Sheva,1:0,2809,1.0,0.0,0,25,49,5,13,7,1,0.12679476,0.2167399,0.65646535,2
2024,21,2025-02-01,Hapoel Jerusalem,Ironi Tiberias,4:0,2401,4.0,0.0,0,21,20,5,9,9,11,0.35432532,0.26924348,0.3764312,2
2024,21,2025-02-01,Maccabi Petah Tikva,FC Ashdod,2:2,1574,2.0,2.0,1,20,14,7,2,12,13,0.34383458,0.33508143,0.32108396,0
2024,21,2025-02-01,Ihud Bnei Sakhnin,Ironi Kiryat Shmona,0:1,603,0.0,1.0,2,21,24,4,1,11,9,0.35969436,0.26071584,0.37958977,2
2024,21,2025-02-01,Hapoel Hadera,Maccabi Haifa,1:3,6264,1.0,3.0,2,13,39,2,9,14,3,0.17317538,0.27953368,0.5472909,2
2024,21,2025-02-02,Hapoel Haifa,Maccabi Netanya,1:3,2810,1.0,3.0,2,31,26,7,12,5,8,0.31337777,0.33935928,0.34726298,2
2024,21,2025-02-03,Maccabi Tel Aviv,Beitar Jerusalem,1:1,27636,1.0,1.0,1,44,39,11,9,2,4,0.8027322,0.062128063,0.13513967,0
2024,22,2025-02-08,Maccabi Netanya,Hapoel Jerusalem,2:1,6218,2.0,1.0,0,29,24,12,5,6,9,0.47774756,0.30964565,0.21260674,0
2024,22,2025-02-08,Beitar Jerusalem,Hapoel Hadera,0:0,11034,0.0,0.0,1,40,13,10,1,4,14,0.73367524,0.16349977,0.10282496,0
2024,22,2025-02-08,Ihud Bnei Sakhnin,Maccabi Bnei Reineh,2:0,1296,2.0,0.0,0,21,28,1,8,11,7,0.34184232,0.29377422,0.36438343,2
2024,22,2025-02-08,Ironi Tiberias,Maccabi Petah Tikva,1:2,400,1.0,2.0,2,20,21,6,7,12,11,0.32581627,0.28423187,0.38995183,2
2024,22,2025-02-08,FC Ashdod,Hapoel Beer Sheva,0:2,4306,0.0,2.0,2,15,49,3,12,13,1,0.0915973,0.11888667,0.78951603,2
2024,22,2025-02-09,Ironi Kiryat Shmona,Maccabi Tel Aviv,1:2,5927,1.0,2.0,2,27,45,4,11,8,2,0.2480559,0.25838175,0.49356237,2
2024,22,2025-02-10,Maccabi Haifa,Hapoel Haifa,1:1,27656,1.0,1.0,1,42,31,9,7,3,6,0.7560241,0.069269605,0.17470622,0
2024,23,2025-02-15,Hapoel Beer Sheva,Ironi Tiberias,4:0,14132,4.0,0.0,0,52,20,12,5,1,12,0.7907246,0.17202696,0.037248485,0
2024,23,2025-02-15,Maccabi Petah Tikva,Maccabi Netanya,0:1,2714,0.0,1.0,2,24,32,10,12,10,6,0.30405962,0.30149186,0.39444852,2
2024,23,2025-02-15,Maccabi Bnei Reineh,FC Ashdod,1:4,1075,1.0,4.0,2,28,15,7,3,7,13,0.43338254,0.33681068,0.22980684,0
2024,23,2025-02-15,Hapoel Hadera,Ironi Kiryat Shmona,0:2,998,0.0,2.0,2,14,27,2,4,14,8,0.29520556,0.31981698,0.38497746,2
2024,23,2025-02-15,Hapoel Haifa,Beitar Jerusalem,3:2,9710,3.0,2.0,0,32,41,5,8,6,4,0.46713674,0.22351135,0.30935198,0
2024,23,2025-02-16,Maccabi Tel Aviv,Ihud Bnei Sakhnin,3:1,19625,3.0,1.0,0,48,24,11,3,2,11,0.6896442,0.18514766,0.12520812,0
2024,23,2025-02-17,Maccabi Haifa,Hapoel Jerusalem,3:3,20140,3.0,3.0,1,43,24,10,4,3,9,0.58599347,0.28248182,0.1315247,0
2024,24,2025-02-21,Beitar Jerusalem,Hapoel Jerusalem,1:1,16536,1.0,1.0,1,41,25,8,5,4,9,0.6345533,0.19642751,0.16901919,0
2024,24,2025-02-22,Maccabi Tel Aviv,Maccabi Bnei Reineh,0:1,15664,0.0,1.0,2,51,28,13,4,2,8,0.7344363,0.17906399,0.0864997,0
2024,24,2025-02-22,Ironi Tiberias,FC Ashdod,2:1,260,2.0,1.0,0,20,18,4,5,12,13,0.3671394,0.26900017,0.36386046,0
2024,24,2025-02-22,Maccabi Haifa,Maccabi Petah Tikva,1:0,18732,1.0,0.0,0,44,24,8,7,3,10,0.61992,0.21991624,0.1601637,0
2024,24,2025-02-22,Maccabi Netanya,Hapoel Beer Sheva,1:2,8134,1.0,2.0,2,35,55,12,12,6,1,0.31038982,0.30748874,0.3821214,2
2024,24,2025-02-23,Ihud Bnei Sakhnin,Hapoel Hadera,0:1,510,0.0,1.0,2,24,14,3,1,11,14,0.506718,0.26446187,0.22882017,0
2024,24,2025-02-24,Hapoel Haifa,Ironi Kiryat Shmona,4:3,1910,4.0,3.0,0,35,30,8,7,5,8,0.37073863,0.2836679,0.3455935,0
2024,25,2025-03-01,Hapoel Jerusalem,Ironi Kiryat Shmona,0:0,2068,0.0,0.0,1,26,30,6,7,9,8,0.33742514,0.29851758,0.36405724,2
2024,25,2025-03-01,FC Ashdod,Maccabi Netanya,0:0,1920,0.0,0.0,1,18,35,5,12,13,6,0.28608057,0.28070435,0.43321505,2
2024,25,2025-03-01,Hapoel Hadera,Maccabi Tel Aviv,2:3,6545,2.0,3.0,2,17,51,4,10,14,2,0.1441834,0.27314952,0.5826671,2
2024,25,2025-03-01,Ironi Tiberias,Maccabi Bnei Reineh,1:0,780,1.0,0.0,0,23,31,4,7,12,8,0.32670045,0.28138772,0.39191186,2
2024,25,2025-03-02,Hapoel Haifa,Ihud Bnei Sakhnin,2:1,2220,2.0,1.0,0,38,24,8,3,5,12,0.44256562,0.24946235,0.30797204,0
2024,25,2025-03-02,Maccabi Petah Tikva,Beitar Jerusalem,1:2,9107,1.0,2.0,2,24,42,4,6,11,4,0.38310465,0.26430252,0.35259283,0
2024,25,2025-03-03,Hapoel Beer Sheva,Maccabi Haifa,3:3,15678,3.0,3.0,1,58,47,12,8,1,3,0.66223884,0.26513177,0.07262938,0
2024,26,2025-03-08,Maccabi Netanya,Ironi Tiberias,1:1,4087,1.0,1.0,1,36,26,10,6,6,10,0.47178102,0.23426501,0.29395404,0
2024,26,2025-03-08,Maccabi Tel Aviv,Hapoel Haifa,2:0,22633,2.0,0.0,0,54,41,10,10,2,5,0.6356009,0.25402805,0.110371046,0
2024,26,2025-03-08,Maccabi Bnei Reineh,Hapoel Hadera,1:2,524,1.0,2.0,2,31,17,6,4,8,14,0.42824143,0.2882622,0.28349638,0
2024,26,2025-03-08,Ihud Bnei Sakhnin,Hapoel Jerusalem,0:2,1348,0.0,2.0,2,24,27,3,6,12,9,0.3291618,0.3212297,0.34960848,2
2024,26,2025-03-09,Ironi Kiryat Shmona,Maccabi Petah Tikva,2:0,272,2.0,0.0,0,31,24,7,4,7,11,0.38658252,0.26591402,0.34750345,0
2024,26,2025-03-09,Maccabi Haifa,FC Ashdod,1:2,16124,1.0,2.0,2,48,19,9,5,3,14,0.6872198,0.17532128,0.13745897,0
2024,26,2025-03-10,Beitar Jerusalem,Hapoel Beer Sheva,1:1,27000,1.0,1.0,1,45,59,6,10,4,1,0.39712512,0.23687804,0.3659968,0
2024,27,2025-03-15,Hapoel Beer Sheva,Maccabi Netanya,2:0,13246,2.0,0.0,0,60,37,11,8,1,6,0.7848942,0.15826647,0.056839343,0
2024,27,2025-03-15,Maccabi Tel Aviv,Hapoel Haifa,3:0,20230,3.0,0.0,0,57,41,12,10,2,5,0.60249007,0.3048338,0.09267613,0
2024,27,2025-03-15,Ironi Kiryat Shmona,Maccabi Petah Tikva,2:1,245,2.0,1.0,0,34,24,7,3,7,11,0.38236523,0.2780917,0.33954307,0
2024,27,2025-03-15,Ironi Tiberias,Hapoel Hadera,1:1,534,1.0,1.0,1,27,20,7,7,10,14,0.33672795,0.32137528,0.34189683,2
2024,27,2025-03-15,Hapoel Jerusalem,Ihud Bnei Sakhnin,4:1,1438,4.0,1.0,0,30,24,6,3,9,12,0.3830823,0.29287666,0.32404107,0
2024,27,2025-03-16,Maccabi Haifa,Beitar Jerusalem,3:3,28150,3.0,3.0,1,48,46,6,6,3,4,0.6295917,0.055358738,0.3150496,0
2024,27,2025-03-16,Maccabi Bnei Reineh,FC Ashdod,1:1,300,1.0,1.0,1,31,22,3,7,9,13,0.4065425,0.2527966,0.34066093,0
2024,28,2025-03-29,Hapoel Haifa,Maccabi Haifa,0:2,13100,0.0,2.0,2,41,49,9,6,5,3,0.47408897,0.20824066,0.31767038,0
2024,28,2025-03-29,Maccabi Petah Tikva,Hapoel Hadera,4:1,1166,4.0,1.0,0,24,21,0,7,11,14,0.40951073,0.26826453,0.32222477,0
2024,28,2025-03-29,Ihud Bnei Sakhnin,Ironi Tiberias,2:1,1334,2.0,1.0,0,24,28,0,8,12,10,0.32561743,0.3183156,0.35606694,2
2024,28,2025-03-29,FC Ashdod,Hapoel Jerusalem,1:1,2280,1.0,1.0,1,23,33,8,9,13,8,0.32425562,0.30774987,0.36799455,2
2024,28,2025-03-29,Ironi Kiryat Shmona,Maccabi Bnei Reineh,0:3,314,0.0,3.0,2,37,32,10,4,6,9,0.41460434,0.25081864,0.33457705,0
2024,28,2025-03-30,Maccabi Netanya,Beitar Jerusalem,0:1,11131,0.0,1.0,2,37,47,5,6,7,4,0.48587194,0.20440806,0.30971995,0
2024,28,2025-03-31,Hapoel Beer Sheva,Maccabi Tel Aviv,1:3,15784,1.0,3.0,2,63,60,11,12,1,2,0.6265468,0.31044787,0.06300531,0
2024,29,2025-04-05,Maccabi Tel Aviv,Maccabi Netanya,4:1,23415,4.0,1.0,0,63,37,12,2,2,7,0.6384614,0.2527855,0.10875312,0
2024,29,2025-04-05,Maccabi Bnei Reineh,Maccabi Petah Tikva,0:2,437,0.0,2.0,2,35,27,7,3,8,11,0.39722422,0.24965505,0.35312068,0
2024,29,2025-04-05,Hapoel Jerusalem,Ironi Kiryat Shmona,2:0,1392,2.0,0.0,0,34,37,9,7,9,6,0.25941446,0.3792651,0.3613204,1
2024,29,2025-04-06,Beitar Jerusalem,Hapoel Haifa,0:1,15231,0.0,1.0,2,50,41,9,6,4,5,0.6024699,0.25322068,0.14430937,0
2024,29,2025-04-06,Ironi Tiberias,FC Ashdod,1:2,700,1.0,2.0,2,28,24,8,6,11,13,0.32600063,0.31885868,0.35514063,2
2024,29,2025-04-07,Maccabi Haifa,Hapoel Beer Sheva,0:3,28130,0.0,3.0,2,52,63,8,8,3,2,0.4805042,0.11909101,0.4004048,0
2024,29,2025-04-07,Hapoel Hadera,Ihud Bnei Sakhnin,0:1,592,0.0,1.0,2,21,27,7,3,14,12,0.32795918,0.30547938,0.36656138,2
2024,30,2025-04-14,Maccabi Netanya,Hapoel Haifa,2:2,4971,2.0,2.0,1,37,44,2,6,8,5,0.3845667,0.3228853,0.29254797,0
2024,30,2025-04-14,Hapoel Beer Sheva,Beitar Jerusalem,3:1,15164,3.0,1.0,0,66,50,8,8,1,4,0.6220811,0.23754863,0.14037025,0
2024,30,2025-04-14,Maccabi Tel Aviv,Maccabi Haifa,1:1,28429,1.0,1.0,1,66,52,15,5,2,3,0.85074496,0.11818489,0.031070143,0
2024,31,2025-04-19,Hapoel Haifa,Hapoel Beer Sheva,1:2,3040,1.0,2.0,2,45,69,4,10,5,1,0.22089678,0.19923693,0.5798663,2
2024,30,2025-04-19,Maccabi Petah Tikva,Ihud Bnei Sakhnin,1:2,1446,1.0,2.0,2,30,30,6,6,10,11,0.32400954,0.30999452,0.36599597,2
2024,30,2025-04-19,FC Ashdod,Hapoel Hadera,4:1,756,4.0,1.0,0,27,21,9,4,13,14,0.36691934,0.31931868,0.31376198,0
2024,30,2025-04-19,Ironi Kiryat Shmona,Ironi Tiberias,0:2,177,0.0,2.0,2,37,28,7,5,8,13,0.43412963,0.24244145,0.3234289,0
2024,30,2025-04-19,Maccabi Bnei Reineh,Hapoel Jerusalem,2:1,353,2.0,1.0,0,35,37,4,11,9,7,0.32751396,0.28386894,0.3886171,2
2024,31,2025-04-20,Maccabi Haifa,Maccabi Netanya,1:0,17120,1.0,0.0,0,53,38,5,2,3,7,0.61694443,0.16674761,0.21630794,0
2024,31,2025-04-21,Beitar Jerusalem,Maccabi Tel Aviv,3:1,25576,3.0,1.0,0,50,67,5,13,4,2,0.28041565,0.50964713,0.20993723,1
2024,32,2025-04-26,Hapoel Haifa,Maccabi Tel Aviv,1:3,7490,1.0,3.0,2,45,67,4,10,5,2,0.29837477,0.32074335,0.3808819,2
2024,31,2025-04-26,Hapoel Jerusalem,Maccabi Petah Tikva,0:0,1343,0.0,0.0,1,37,30,10,6,8,12,0.38790092,0.29627824,0.31582087,0
2024,31,2025-04-26,Ironi Tiberias,Maccabi Bnei Reineh,2:1,1050,2.0,1.0,0,31,38,5,7,11,7,0.309799,0.3170924,0.37310866,2
2024,31,2025-04-26,Hapoel Hadera,Ironi Kiryat Shmona,1:0,195,1.0,0.0,0,21,37,4,6,14,9,0.33651254,0.26340246,0.40008506,2
2024,31,2025-04-26,Ihud Bnei Sakhnin,FC Ashdod,0:0,3714,0.0,0.0,1,33,30,9,11,11,13,0.3910059,0.27258554,0.33640853,0
2024,32,2025-04-27,Maccabi Netanya,Hapoel Beer Sheva,2:1,7120,2.0,1.0,0,38,72,1,12,8,1,0.18863705,0.3538475,0.4575154,2
2024,32,2025-04-28,Beitar Jerusalem,Maccabi Haifa,1:2,26237,1.0,2.0,2,53,56,7,8,4,3,0.4319057,0.32059547,0.24749885,0
2024,33,2025-05-03,Maccabi Haifa,Hapoel Haifa,1:5,24130,1.0,5.0,2,59,45,10,4,3,5,0.56871325,0.3312536,0.100033164,0
2024,32,2025-05-03,Maccabi Petah Tikva,FC Ashdod,1:1,3127,1.0,1.0,1,31,31,7,9,12,13,0.3394577,0.30020794,0.3603344,2
2024,32,2025-05-03,Ironi Kiryat Shmona,Ihud Bnei Sakhnin,0:1,810,0.0,1.0,2,37,34,3,10,9,11,0.33951467,0.2589994,0.40148595,2
2024,32,2025-05-03,Maccabi Bnei Reineh,Hapoel Hadera,1:2,278,1.0,2.0,2,38,24,7,4,8,14,0.43541008,0.2399635,0.32462642,0
2024,32,2025-05-03,Hapoel Jerusalem,Ironi Tiberias,3:1,1336,3.0,1.0,0,38,34,8,7,7,11,0.28763404,0.32215613,0.39020976,2
2024,33,2025-05-04,Beitar Jerusalem,Maccabi Netanya,0:3,13500,0.0,3.0,2,53,41,6,4,4,7,0.6780266,0.15598397,0.16598941,0
2024,33,2025-05-05,Maccabi Tel Aviv,Hapoel Beer Sheva,1:1,27063,1.0,1.0,1,70,72,10,9,2,1,0.36491886,0.38465625,0.2504249,1
2024,33,2025-05-10,Ironi Tiberias,Maccabi Petah Tikva,0:0,2328,0.0,0.0,1,34,32,6,8,11,12,0.35617974,0.28029642,0.36352387,2
2024,33,2025-05-10,Hapoel Hadera,Hapoel Jerusalem,2:4,410,2.0,4.0,2,27,41,6,8,14,7,0.32740852,0.2932721,0.3793194,2
2024,33,2025-05-10,Ihud Bnei Sakhnin,Maccabi Bnei Reineh,0:1,1835,0.0,1.0,2,37,38,13,6,10,8,0.36190078,0.29174986,0.34634933,0
2024,33,2025-05-10,FC Ashdod,Ironi Kiryat Shmona,4:2,4526,4.0,2.0,0,32,37,9,0,13,9,0.3288715,0.25184813,0.41928035,2
2024,34,2025-05-11,Hapoel Haifa,Beitar Jerusalem,1:0,7973,1.0,0.0,0,48,53,7,3,5,4,0.41893688,0.23119567,0.34986746,0
2024,34,2025-05-12,Maccabi Netanya,Maccabi Tel Aviv,1:6,11733,1.0,6.0,2,44,71,7,8,7,2,0.34661654,0.21623456,0.43714893,2
2024,34,2025-05-12,Hapoel Beer Sheva,Maccabi Haifa,4:1,14853,4.0,1.0,0,73,59,10,7,2,3,0.5848276,0.25496113,0.16021127,0
2024,35,2025-05-17,Hapoel Haifa,Maccabi Netanya,1:1,4079,1.0,1.0,1,51,44,7,7,5,7,0.37573415,0.24795824,0.37630758,2
2024,35,2025-05-19,Beitar Jerusalem,Hapoel Beer Sheva,1:1,25370,1.0,1.0,1,53,76,3,10,4,1,0.24821648,0.28264704,0.46913645,2
2024,35,2025-05-19,Maccabi Haifa,Maccabi Tel Aviv,0:3,27843,0.0,3.0,2,59,74,7,8,3,2,0.5165766,0.14767669,0.33574674,0
2024,36,2025-05-24,Maccabi Netanya,Maccabi Haifa,2:3,5252,2.0,3.0,2,45,59,7,6,6,3,0.44204554,0.23532271,0.3226318,0
2024,36,2025-05-24,Maccabi Tel Aviv,Beitar Jerusalem,5:0,28108,5.0,0.0,0,77,54,10,4,2,4,0.91213864,0.024745505,0.06311581,0
2024,36,2025-05-24,Hapoel Beer Sheva,Hapoel Haifa,5:0,15775,5.0,0.0,0,77,52,8,7,2,5,0.82113224,0.08563455,0.093233176,0
2025,1,2025-08-23,Hapoel Jerusalem,FC Ashdod,1:2,2490,1.0,2.0,2,0,0,0,0,1,11,0.4553332,0.29096043,0.25370637,0
2025,1,2025-08-23,Hapoel Tel Aviv,Ironi Kiryat Shmona,2:1,17079,2.0,1.0,0,0,0,0,0,14,3,0.40982592,0.23997323,0.35020083,0
2025,1,2025-08-23,Ironi Tiberias,Hapoel Haifa,1:0,1038,1.0,0.0,0,0,0,0,0,5,6,0.30799502,0.40360072,0.28840423,1
2025,1,2025-08-23,Maccabi Haifa,Maccabi Bnei Reineh,4:0,22346,4.0,0.0,0,0,0,0,0,10,7,0.43376863,0.31210715,0.25412422,0
2025,1,2025-08-24,Maccabi Netanya,Hapoel Beer Sheva,2:4,8809,2.0,4.0,2,0,0,0,0,9,11,0.4086555,0.32967284,0.26167166,0
2025,1,2025-08-25,Ihud Bnei Sakhnin,Beitar Jerusalem,1:2,2958,1.0,2.0,2,0,0,0,0,11,14,0.38492858,0.28151578,0.3335556,0
2025,2,2025-08-30,Ironi Kiryat Shmona,Hapoel Petah Tikva,0:0,1802,0.0,0.0,1,0,0,0,0,8,13,0.36655077,0.32253563,0.31091362,0
2025,2,2025-08-30,Maccabi Bnei Reineh,Hapoel Tel Aviv,2:2,4384,2.0,2.0,1,0,3,0,3,11,6,0.34657955,0.27125663,0.38216376,2
2025,2,2025-08-30,Hapoel Haifa,Hapoel Jerusalem,2:1,2310,2.0,1.0,0,0,0,0,0,11,10,0.35084218,0.30647027,0.34268752,0
2025,2,2025-08-30,FC Ashdod,Ihud Bnei Sakhnin,1:2,1092,1.0,2.0,2,3,0,3,0,6,13,0.34797823,0.3799527,0.2720691,1
2025,2,2025-08-30,Hapoel Beer Sheva,Ironi Tiberias,7:0,12440,7.0,0.0,0,3,3,3,3,6,2,0.4098986,0.1891662,0.4009352,0
2025,2,2025-08-31,Maccabi Tel Aviv,Maccabi Netanya,4:0,21753,4.0,0.0,0,0,0,0,0,14,13,0.46166667,0.33435953,0.20397383,0
2025,2,2025-08-31,Beitar Jerusalem,Maccabi Haifa,0:0,27000,0.0,0.0,1,3,3,3,3,9,6,0.43478402,0.28976384,0.27545214,0
2025,3,2025-09-13,Hapoel Petah Tikva,Maccabi Netanya,3:1,4083,3.0,1.0,0,1,0,1,0,12,14,0.36566597,0.25908762,0.37524644,2
2025,3,2025-09-13,Ihud Bnei Sakhnin,Hapoel Haifa,0:2,2002,0.0,2.0,2,3,3,3,3,8,7,0.32101986,0.3384874,0.34049276,2
2025,3,2025-09-13,Ironi Tiberias,Maccabi Tel Aviv,1:4,4460,1.0,4.0,2,3,3,3,3,7,10,0.34985656,0.27120712,0.3789363,2
2025,3,2025-09-13,Ironi Kiryat Shmona,Maccabi Bnei Reineh,3:1,276,3.0,1.0,0,1,1,1,1,11,12,0.40866306,0.25987703,0.33145988,0
2025,3,2025-09-14,Hapoel Jerusalem,Hapoel Beer Sheva,1:5,3702,1.0,5.0,2,0,6,0,6,13,2,0.26501834,0.22169453,0.5132871,2
2025,3,2025-09-15,Maccabi Haifa,FC Ashdod,5:1,25394,5.0,1.0,0,4,3,4,3,5,11,0.45613426,0.33006144,0.21380436,0
2025,3,2025-09-15,Hapoel Tel Aviv,Beitar Jerusalem,3:2,22593,3.0,2.0,0,4,4,4,4,8,7,0.4498122,0.24778695,0.3024009,0
2025,1,2025-09-16,Hapoel Petah Tikva,Maccabi Tel Aviv,0:4,9315,0.0,4.0,2,4,6,4,6,7,5,0.46593294,0.22876891,0.30529815,0
2025,4,2025-09-20,Maccabi Bnei Reineh,Hapoel Petah Tikva,1:6,1189,1.0,6.0,2,1,4,1,4,12,7,0.2975727,0.3647811,0.33764616,1
2025,4,2025-09-20,FC Ashdod,Hapoel Tel Aviv,2:6,3793,2.0,6.0,2,3,7,3,7,11,5,0.34249628,0.29010156,0.36740214,2
2025,4,2025-09-20,Beitar Jerusalem,Ironi Kiryat Shmona,2:1,13450,2.0,1.0,0,4,4,4,4,8,7,0.5139344,0.21070933,0.2753563,0
2025,4,2025-09-20,Maccabi Tel Aviv,Hapoel Jerusalem,2:1,22478,2.0,1.0,0,9,0,9,0,3,13,0.6134657,0.28231943,0.10421485,0
2025,4,2025-09-20,Maccabi Netanya,Ironi Tiberias,5:2,3974,5.0,2.0,0,0,3,0,3,14,9,0.33210278,0.28134686,0.38655034,2
2025,4,2025-09-21,Hapoel Beer Sheva,Ihud Bnei Sakhnin,3:1,14010,3.0,1.0,0,9,3,9,3,3,11,0.6216689,0.19731212,0.18101905,0
2025,4,2025-09-21,Hapoel Haifa,Maccabi Haifa,1:1,21458,1.0,1.0,1,6,7,6,7,7,4,0.40142405,0.31322488,0.28535107,0
2025,5,2025-09-27,Hapoel Jerusalem,Maccabi Netanya,1:2,2610,1.0,2.0,2,0,3,0,3,14,10,0.32047397,0.299516,0.38001007,2
2025,5,2025-09-27,Hapoel Petah Tikva,Ironi Tiberias,0:2,3861,0.0,2.0,2,7,3,7,3,6,10,0.34729367,0.28906202,0.36364424,2
2025,5,2025-09-27,Hapoel Tel Aviv,Hapoel Haifa,1:0,18011,1.0,0.0,0,10,7,10,7,3,5,0.583985,0.24342315,0.17259185,0
2025,5,2025-09-27,Ironi Kiryat Shmona,FC Ashdod,1:2,146,1.0,2.0,2,4,3,4,3,10,12,0.40730256,0.27566084,0.31703663,0
2025,5,2025-09-27,Maccabi Bnei Reineh,Beitar Jerusalem,1:3,3460,1.0,3.0,2,1,7,1,7,13,7,0.333971,0.30228993,0.36373904,2
2025,5,2025-09-28,Ihud Bnei Sakhnin,Maccabi Tel Aviv,0:0,2828,0.0,0.0,1,3,12,3,12,12,3,0.32212612,0.21571147,0.46216244,2
2025,5,2025-09-29,Maccabi Haifa,Hapoel Beer Sheva,0:1,28880,0.0,1.0,2,8,12,8,12,5,3,0.58647984,0.044434376,0.36908582,0
2025,6,2025-10-04,Hapoel Haifa,Ironi Kiryat Shmona,0:0,2370,0.0,0.0,1,7,4,7,4,6,11,0.33654308,0.30005297,0.36340395,2
2025,6,2025-10-04,Ironi Tiberias,Hapoel Jerusalem,1:0,624,1.0,0.0,0,6,0,6,0,8,14,0.28354186,0.45779228,0.25866592,1
2025,6,2025-10-04,FC Ashdod,Maccabi Bnei Reineh,2:0,1120,2.0,0.0,0,6,1,6,1,10,13,0.28617346,0.42704827,0.28677827,1
2025,6,2025-10-04,Beitar Jerusalem,Hapoel Petah Tikva,5:2,18015,5.0,2.0,0,10,7,10,7,4,9,0.54618037,0.25510898,0.19871064,0
2025,6,2025-10-04,Hapoel Beer Sheva,Hapoel Tel Aviv,2:1,15104,2.0,1.0,0,15,13,15,13,1,4,0.697897,0.22912642,0.0729765,0
2025,6,2025-10-05,Maccabi Netanya,Ihud Bnei Sakhnin,1:2,4279,1.0,2.0,2,6,4,6,4,10,12,0.36496818,0.25701267,0.3780191,2
2025,6,2025-10-05,Maccabi Tel Aviv,Maccabi Haifa,1:1,28068,1.0,1.0,1,13,8,13,8,2,8,0.78341997,0.06453117,0.1520489,0
2025,7,2025-10-18,Hapoel Petah Tikva,Hapoel Jerusalem,0:0,3844,0.0,0.0,1,7,0,6,0,10,14,0.3948423,0.28215092,0.32300675,0
2025,7,2025-10-18,Ihud Bnei Sakhnin,Ironi Tiberias,2:0,1535,2.0,0.0,0,7,9,7,6,10,5,0.31346753,0.3271875,0.35934496,2
2025,7,2025-10-18,Ironi Kiryat Shmona,Hapoel Beer Sheva,1:0,4148,1.0,0.0,0,5,18,5,15,12,1,0.10205399,0.14988513,0.7480609,2
2025,7,2025-10-18,Maccabi Bnei Reineh,Hapoel Haifa,1:2,1734,1.0,2.0,2,1,8,1,8,14,10,0.2644098,0.37160486,0.36398533,1
2025,7,2025-10-18,Maccabi Haifa,Maccabi Netanya,2:3,26283,2.0,3.0,2,9,6,6,6,8,12,0.4558513,0.2760164,0.26813227,0
2025,7,2025-10-19,Hapoel Tel Aviv,Maccabi Tel Aviv,0:3,0,0.0,3.0,2,13,14,10,11,4,2,0.2903076,0.26225346,0.44743893,2
2025,7,2025-10-20,Beitar Jerusalem,FC Ashdod,0:0,23185,0.0,0.0,1,13,9,10,6,3,10,0.5799464,0.29208216,0.12797141,0
2025,8,2025-10-25,FC Ashdod,Hapoel Petah Tikva,1:1,2845,1.0,1.0,1,10,8,7,4,7,12,0.3704441,0.28251642,0.34703946,0
2025,8,2025-10-25,Hapoel Haifa,Beitar Jerusalem,2:3,9350,2.0,3.0,2,11,14,8,10,5,3,0.38341868,0.19209264,0.4244887,2
2025,8,2025-10-25,Ironi Tiberias,Maccabi Haifa,1:1,4722,1.0,1.0,1,9,9,6,5,8,10,0.3721151,0.29093853,0.33694637,0
2025,8,2025-10-25,Hapoel Jerusalem,Ihud Bnei Sakhnin,0:0,2204,0.0,0.0,1,1,10,1,7,13,8,0.33036056,0.30050114,0.36913833,2
2025,8,2025-10-25,Maccabi Netanya,Hapoel Tel Aviv,2:0,12644,2.0,0.0,0,9,13,9,9,10,4,0.39790317,0.26505145,0.33704543,0
2025,8,2025-10-26,Hapoel Beer Sheva,Maccabi Bnei Reineh,1:0,12794,1.0,0.0,0,18,1,12,0,1,14,0.71084416,0.23915753,0.049998347,0
2025,8,2025-10-27,Maccabi Tel Aviv,Ironi Kiryat Shmona,3:1,22914,3.0,1.0,0,17,8,11,7,2,12,0.5962215,0.2814718,0.122306705,0
2025,9,2025-11-01,Maccabi Haifa,Hapoel Jerusalem,2:2,28134,2.0,2.0,1,10,2,3,2,10,13,0.6287488,0.123759784,0.24749143,0
2025,9,2025-11-01,Hapoel Tel Aviv,Ironi Tiberias,2:0,14407,2.0,0.0,0,13,10,6,7,4,10,0.48667085,0.22800545,0.2853237,0
2025,9,2025-11-01,Hapoel Petah Tikva,Ihud Bnei Sakhnin,2:2,3304,2.0,2.0,1,9,11,5,8,11,7,0.33143875,0.30399942,0.36456183,2
2025,9,2025-11-01,FC Ashdod,Hapoel Haifa,4:1,2881,4.0,1.0,0,11,11,8,5,9,7,0.3455905,0.30018395,0.3542255,2
2025,9,2025-11-01,Maccabi Bnei Reineh,Maccabi Tel Aviv,0:2,4308,0.0,2.0,2,1,20,0,11,14,2,0.17807092,0.17913862,0.6427905,2
2025,9,2025-11-02,Ironi Kiryat Shmona,Maccabi Netanya,1:2,2842,1.0,2.0,2,8,12,4,12,12,6,0.3588506,0.27518025,0.36596915,2
2025,9,2025-11-03,Beitar Jerusalem,Hapoel Beer Sheva,0:1,27303,0.0,1.0,2,17,21,13,12,3,2,0.68310004,0.08017784,0.23672213,0
2025,10,2025-11-08,Hapoel Jerusalem,Hapoel Tel Aviv,0:0,9981,0.0,0.0,1,3,16,3,6,13,4,0.38751996,0.22592968,0.38655037,0
2025,10,2025-11-08,Ihud Bnei Sakhnin,Maccabi Haifa,3:3,4539,3.0,3.0,1,12,11,9,3,7,9,0.3566089,0.27724224,0.3661489,2
2025,10,2025-11-08,Maccabi Netanya,Maccabi Bnei Reineh,2:1,9027,2.0,1.0,0,15,1,12,0,5,14,0.50207233,0.32091933,0.17700838,0
2025,10,2025-11-08,Ironi Tiberias,Ironi Kiryat Shmona,2:3,434,2.0,3.0,2,10,8,7,4,10,12,0.36238268,0.28627947,0.3513379,0
2025,10,2025-11-08,Hapoel Beer Sheva,FC Ashdod,2:2,14189,2.0,2.0,1,24,14,12,11,1,6,0.7677097,0.18458119,0.047709096,0
2025,10,2025-11-09,Hapoel Haifa,Hapoel Petah Tikva,2:2,2670,2.0,2.0,1,11,10,4,3,10,12,0.36725104,0.2841803,0.34856865,0
2025,10,2025-11-09,Maccabi Tel Aviv,Beitar Jerusalem,2:6,25819,2.0,6.0,2,23,17,11,10,2,4,0.6408941,0.26250517,0.09660072,0
2025,11,2025-11-29,Hapoel Haifa,Hapoel Beer Sheva,3:4,5890,3.0,4.0,2,12,25,5,10,8,1,0.18891373,0.2456036,0.5654827,2
2025,11,2025-11-29,Hapoel Tel Aviv,Ihud Bnei Sakhnin,2:0,15506,2.0,0.0,0,17,13,4,9,5,7,0.4034997,0.26658827,0.329912,0
2025,11,2025-11-29,Ironi Kiryat Shmona,Hapoel Jerusalem,1:2,1164,1.0,2.0,2,11,4,7,4,10,13,0.27798882,0.3734684,0.34854275,1
2025,11,2025-11-29,Maccabi Bnei Reineh,Ironi Tiberias,1:3,1288,1.0,3.0,2,1,10,0,4,14,12,0.28158906,0.3841835,0.33422744,1
2025,11,2025-11-29,Hapoel Petah Tikva,Maccabi Haifa,0:0,9832,0.0,0.0,1,11,12,4,4,12,10,0.42801178,0.23634394,0.33564433,0
2025,11,2025-11-30,FC Ashdod,Maccabi Tel Aviv,2:2,4718,2.0,2.0,1,15,23,9,10,6,2,0.21696554,0.19287388,0.5901606,2
2025,11,2025-11-30,Beitar Jerusalem,Maccabi Netanya,4:2,29028,4.0,2.0,0,20,18,10,12,3,5,0.74086523,0.04919367,0.20994109,0
2025,12,2025-12-02,Ihud Bnei Sakhnin,Ironi Kiryat Shmona,1:1,1354,1.0,1.0,1,13,11,6,6,8,12,0.2706369,0.39258444,0.33677864,1
2025,12,2025-12-02,Hapoel Jerusalem,Maccabi Bnei Reineh,1:2,1416,1.0,2.0,2,7,1,7,0,13,14,0.32442832,0.38363668,0.29193503,1
2025,12,2025-12-02,Hapoel Petah Tikva,Hapoel Beer Sheva,1:1,6724,1.0,1.0,1,12,28,5,10,12,1,0.18293454,0.2700513,0.5470141,2
2025,12,2025-12-02,Maccabi Haifa,Hapoel Tel Aviv,2:1,25462,2.0,1.0,0,13,20,4,7,9,4,0.33157474,0.29341975,0.37500545,2
2025,12,2025-12-03,Maccabi Netanya,FC Ashdod,2:2,7613,2.0,2.0,1,18,16,12,7,5,7,0.4017044,0.32863486,0.2696607,0
2025,12,2025-12-03,Ironi Tiberias,Beitar Jerusalem,0:5,4770,0.0,5.0,2,13,23,4,10,9,3,0.25926647,0.20776413,0.5329694,2
2025,12,2025-12-03,Maccabi Tel Aviv,Hapoel Haifa,2:1,17493,2.0,1.0,0,24,12,10,4,3,12,0.6737572,0.23334849,0.09289431,0
2025,13,2025-12-06,Hapoel Tel Aviv,Hapoel Petah Tikva,4:0,13032,4.0,0.0,0,20,13,7,5,4,10,0.55863065,0.19458525,0.2467841,0
2025,13,2025-12-06,Ironi Kiryat Shmona,Maccabi Haifa,0:1,6858,0.0,1.0,2,12,16,4,7,11,7,0.31162894,0.39502487,0.2933462,1
2025,13,2025-12-07,Hapoel Haifa,Maccabi Netanya,3:4,2357,3.0,4.0,2,12,19,1,10,12,5,0.3060126,0.2984716,0.3955158,2
2025,13,2025-12-07,Hapoel Beer Sheva,Maccabi Tel Aviv,1:0,15961,1.0,0.0,0,29,27,11,10,1,2,0.6775904,0.24023032,0.082179256,0
2025,13,2025-12-08,Maccabi Bnei Reineh,Ihud Bnei Sakhnin,0:1,1383,0.0,1.0,2,4,14,3,4,14,8,0.2928879,0.3584995,0.34861258,1
2025,13,2025-12-08,FC Ashdod,Ironi Tiberias,1:1,1909,1.0,1.0,1,17,13,7,4,8,9,0.3127259,0.32305944,0.36421466,2
2025,13,2025-12-08,Beitar Jerusalem,Hapoel Jerusalem,1:1,27486,1.0,1.0,1,26,7,12,6,3,13,0.7202828,0.1999941,0.0797231,0
2025,14,2025-12-13,FC Ashdod,Hapoel Jerusalem,0:2,2271,0.0,2.0,2,18,8,7,6,7,13,0.38400844,0.2665368,0.34945476,0
2025,14,2025-12-13,Ironi Kiryat Shmona,Hapoel Tel Aviv,2:2,6700,2.0,2.0,1,12,23,4,10,11,4,0.28901288,0.35034433,0.36064282,2
2025,14,2025-12-13,Hapoel Haifa,Ironi Tiberias,2:0,2010,2.0,0.0,0,12,14,1,4,12,9,0.2967553,0.34549516,0.35774958,2
2025,14,2025-12-13,Hapoel Beer Sheva,Maccabi Netanya,2:0,15321,2.0,0.0,0,32,22,11,10,1,5,0.72555214,0.21723238,0.057215493,0
2025,14,2025-12-14,Maccabi Bnei Reineh,Maccabi Haifa,0:4,3496,0.0,4.0,2,4,19,3,9,14,6,0.3145394,0.31052715,0.37493342,2
2025,14,2025-12-15,Maccabi Tel Aviv,Hapoel Petah Tikva,2:2,10114,2.0,2.0,1,27,13,7,4,2,12,0.783956,0.15055852,0.065485515,0
2025,14,2025-12-15,Beitar Jerusalem,Ihud Bnei Sakhnin,2:1,24729,2.0,1.0,0,27,17,10,6,3,8,0.44872022,0.44660062,0.104679145,0
2025,15,2025-12-20,Hapoel Tel Aviv,Maccabi Bnei Reineh,3:1,13745,3.0,1.0,0,24,4,8,3,4,14,0.6920258,0.18928802,0.1186862,0
2025,15,2025-12-20,Hapoel Jerusalem,Hapoel Haifa,0:1,2037,0.0,1.0,2,11,15,8,4,13,9,0.29683393,0.37093604,0.33223006,1
2025,15,2025-12-20,Hapoel Petah Tikva,Ironi Kiryat Shmona,4:1,2912,4.0,1.0,0,14,13,4,5,11,12,0.3431497,0.29871726,0.358133,2
2025,15,2025-12-20,Ihud Bnei Sakhnin,FC Ashdod,3:0,1659,3.0,0.0,0,17,18,5,4,9,8,0.30947784,0.31367862,0.37684357,2
2025,15,2025-12-20,Ironi Tiberias,Hapoel Beer Sheva,3:0,1867,3.0,0.0,0,14,35,4,11,11,1,0.123548195,0.19178976,0.68466204,2
2025,15,2025-12-21,Maccabi Netanya,Maccabi Tel Aviv,1:1,10334,1.0,1.0,1,22,28,7,5,5,3,0.4276952,0.20488448,0.36742032,0
2025,15,2025-12-22,Maccabi Haifa,Beitar Jerusalem,1:2,29395,1.0,2.0,2,22,30,11,13,6,2,0.22767119,0.4083264,0.3640025,1
2025,16,2025-12-30,Maccabi Bnei Reineh,Ironi Kiryat Shmona,3:1,418,3.0,1.0,0,4,13,3,2,14,12,0.37126178,0.29443842,0.3342998,0
2025,16,2025-12-30,Hapoel Haifa,Ihud Bnei Sakhnin,0:2,2178,0.0,2.0,2,18,20,6,7,8,7,0.31361702,0.30534142,0.38104156,2
2025,16,2025-12-30,Maccabi Tel Aviv,Ironi Tiberias,1:1,15992,1.0,1.0,1,29,17,6,7,3,10,0.65720314,0.20100705,0.14178981,0
2025,16,2025-12-31,Maccabi Netanya,Hapoel Petah Tikva,0:2,5088,0.0,2.0,2,23,17,5,6,5,11,0.45661438,0.3153203,0.22806528,0
2025,16,2025-12-31,FC Ashdod,Maccabi Haifa,0:4,4617,0.0,4.0,2,18,22,3,10,11,7,0.31996652,0.22744034,0.45259306,2
2025,16,2025-12-31,Hapoel Beer Sheva,Hapoel Jerusalem,4:1,11050,4.0,1.0,0,35,11,10,7,1,13,0.8319579,0.1344821,0.033560067,0
2025,16,2026-01-01,Beitar Jerusalem,Hapoel Tel Aviv,1:0,28452,1.0,0.0,0,33,27,13,10,2,4,0.81861687,0.058317438,0.12306565,0
2025,17,2026-01-03,Hapoel Jerusalem,Maccabi Tel Aviv,1:3,7833,1.0,3.0,2,11,30,4,6,13,3,0.2894313,0.2974284,0.4131403,2
2025,17,2026-01-03,Ihud Bnei Sakhnin,Hapoel Beer Sheva,0:5,2765,0.0,5.0,2,23,38,10,10,7,1,0.26341602,0.2130125,0.5235715,2
2025,17,2026-01-03,Hapoel Petah Tikva,Maccabi Bnei Reineh,4:1,3337,4.0,1.0,0,20,7,8,6,8,14,0.39389208,0.27968508,0.32642284,0
2025,17,2026-01-03,Ironi Tiberias,Maccabi Netanya,4:0,908,4.0,0.0,0,18,23,5,5,9,6,0.30758598,0.31446,0.37795395,2
2025,17,2026-01-04,Hapoel Tel Aviv,FC Ashdod,1:0,12355,1.0,0.0,0,27,18,7,2,4,11,0.6794308,0.15519726,0.16537192,0
2025,17,2026-01-04,Ironi Kiryat Shmona,Beitar Jerusalem,1:2,10122,1.0,2.0,2,13,36,2,13,12,2,0.10965623,0.18018332,0.7101605,2
2025,17,2026-01-05,Maccabi Haifa,Hapoel Haifa,2:0,27794,2.0,0.0,0,25,18,12,6,5,10,0.6522801,0.13197118,0.21574877,0
2025,18,2026-01-09,Maccabi Netanya,Hapoel Jerusalem,1:1,3812,1.0,1.0,1,23,11,4,4,6,13,0.53071916,0.24716899,0.22211182,0
2025,18,2026-01-10,Maccabi Tel Aviv,Ihud Bnei Sakhnin,1:0,19795,1.0,0.0,0,33,23,6,9,3,7,0.56854844,0.232148,0.19930351,0
2025,18,2026-01-10,Hapoel Haifa,Hapoel Tel Aviv,3:3,7370,3.0,3.0,1,18,30,6,10,10,4,0.32241285,0.28500366,0.3925835,2
2025,18,2026-01-10,Ironi Tiberias,Hapoel Petah Tikva,1:4,1212,1.0,4.0,2,21,23,8,10,9,8,0.28120598,0.35253465,0.36625937,2
2025,18,2026-01-10,Beitar Jerusalem,Maccabi Bnei Reineh,1:0,20661,1.0,0.0,0,39,7,13,3,2,14,0.6470326,0.28958446,0.06338297,0
2025,18,2026-01-10,Hapoel Beer Sheva,Maccabi Haifa,0:0,15260,0.0,0.0,1,41,28,12,12,2,5,0.6778056,0.22599164,0.096202746,0
2025,18,2026-01-11,FC Ashdod,Ironi Kiryat Shmona,2:5,1132,2.0,5.0,2,18,13,1,1,11,12,0.36979574,0.29158458,0.3386197,0
2025,19,2026-01-17,Hapoel Petah Tikva,Beitar Jerusalem,1:3,9879,1.0,3.0,2,26,42,13,15,6,2,0.25402158,0.35668105,0.38929734,2
2025,19,2026-01-17,Hapoel Jerusalem,Ironi Tiberias,2:0,1768,2.0,0.0,0,12,21,4,7,13,9,0.27648842,0.33449346,0.3890181,2
2025,19,2026-01-17,Maccabi Bnei Reineh,FC Ashdod,0:0,358,0.0,0.0,1,7,18,3,0,14,11,0.36064142,0.3023981,0.33696052,0
2025,19,2026-01-17,Ihud Bnei Sakhnin,Maccabi Netanya,2:1,1576,2.0,1.0,0,23,24,6,2,8,7,0.32712778,0.26773265,0.40513954,2
2025,19,2026-01-18,Maccabi Haifa,Maccabi Tel Aviv,4:1,28869,4.0,1.0,0,29,36,10,9,5,3,0.5102359,0.06645915,0.42330498,0
2025,19,2026-01-19,Ironi Kiryat Shmona,Hapoel Haifa,3:1,624,3.0,1.0,0,16,19,4,7,12,10,0.3060892,0.29494983,0.39896098,2
2025,19,2026-01-19,Hapoel Tel Aviv,Hapoel Beer Sheva,2:1,17653,2.0,1.0,0,31,42,8,10,5,2,0.28155223,0.26268452,0.4557632,2
2025,20,2026-01-23,Hapoel Jerusalem,Hapoel Petah Tikva,2:1,0,2.0,1.0,0,15,26,4,12,13,7,0.31404594,0.2696212,0.41633287,2
2025,20,2026-01-24,Maccabi Netanya,Maccabi Haifa,4:1,0,4.0,1.0,0,24,32,2,10,8,5,0.35211086,0.24727419,0.40061492,2
2025,20,2026-01-24,Ironi Tiberias,Ihud Bnei Sakhnin,1:1,0,1.0,1.0,1,21,26,7,9,9,7,0.34318906,0.29601744,0.36079353,2
2025,20,2026-01-24,Hapoel Haifa,Maccabi Bnei Reineh,0:1,0,0.0,1.0,2,19,8,4,4,11,14,0.41553265,0.2502757,0.33419162,0
2025,20,2026-01-24,Hapoel Beer Sheva,Ironi Kiryat Shmona,3:2,0,3.0,2.0,0,42,19,7,6,2,10,0.6007968,0.24810657,0.15109663,0
